epoch,step,train_NLL_epoch,train_NLL_step,train_causalEffect_epoch,train_causalEffect_step,train_loss_epoch,train_loss_step,val_NLL,val_causalEffect,val_loss
0,0,,22.321794509887695,,-2.6226043701171875e-06,,1.1160870790481567,,,
0,1,,21.73462677001953,,-8.821487426757812e-06,,1.086722493171692,,,
0,2,,21.46870994567871,,-3.2186508178710938e-06,,1.0734323263168335,,,
0,3,,21.260433197021484,,-1.4901161193847656e-06,,1.0630202293395996,,,
0,4,,20.993221282958984,,-4.887580871582031e-06,,1.0496561527252197,,,
0,5,,21.051963806152344,,-2.384185791015625e-06,,1.052595853805542,,,
0,6,,20.75286102294922,,-6.735324859619141e-06,,1.0376362800598145,,,
0,7,,20.648479461669922,,-9.715557098388672e-06,,1.032414197921753,,,
0,8,,20.637001037597656,,-1.7642974853515625e-05,,1.0318324565887451,,,
0,9,,19.924636840820312,,-0.0001277327537536621,,0.9961041212081909,,,
0,10,,19.67212677001953,,-0.0003311038017272949,,0.9832752346992493,,,
0,11,,19.694435119628906,,-0.0007320046424865723,,0.9839897751808167,,,
0,12,,19.715160369873047,,-0.0015166401863098145,,0.9842413663864136,,,
0,13,,19.86928939819336,,-0.003086686134338379,,0.9903777837753296,,,
0,14,,19.49150276184082,,-0.0022336244583129883,,0.9723415374755859,,,
0,15,,19.64420509338379,,-0.002391636371612549,,0.9798186421394348,,,
0,16,,19.352724075317383,,-0.0064353346824646,,0.9612008929252625,,,
0,17,,18.982906341552734,,-0.010135948657989502,,0.9390093684196472,,,
0,18,,18.647289276123047,,-0.0091438889503479,,0.9232205748558044,,,
0,19,,18.523101806640625,,-0.011635005474090576,,0.9145200848579407,,,
0,20,,18.542539596557617,,-0.01663815975189209,,0.9104888439178467,,,
0,21,,18.34784698486328,,-0.024080097675323486,,0.8933122754096985,,,
0,22,,18.264293670654297,,-0.029285788536071777,,0.8839288949966431,,,
0,23,,18.410200119018555,,-0.03011190891265869,,0.8903980851173401,,,
0,24,,18.364028930664062,,-0.05056279897689819,,0.8676386475563049,,,
0,25,,18.111799240112305,,-0.06886887550354004,,0.8367211222648621,,,
0,26,,18.47394561767578,,-0.06575292348861694,,0.8579443693161011,,,
0,27,,18.586349487304688,,-0.06144750118255615,,0.8678699731826782,,,
0,28,,18.168212890625,,-0.08563041687011719,,0.8227802515029907,,,
0,29,,18.592260360717773,,-0.09857255220413208,,0.8310405015945435,,,
0,30,,19.372329711914062,,-0.08739805221557617,,0.881218433380127,,,
0,31,,18.11652946472168,,-0.07901853322982788,,0.826807975769043,,,
0,32,,17.806747436523438,,-0.10598289966583252,,0.7843545079231262,,,
0,33,,18.0317440032959,,-0.09322792291641235,,0.8083592653274536,,,
0,34,,17.949935913085938,,-0.08751648664474487,,0.8099803328514099,,,
0,35,,17.683889389038086,,-0.11256495118141174,,0.7716295719146729,,,
0,36,,17.462127685546875,,-0.10109466314315796,,0.7720117568969727,,,
0,37,,17.504913330078125,,-0.10989856719970703,,0.7653471231460571,,,
0,38,,17.457576751708984,,-0.1007915735244751,,0.7720872759819031,,,
0,39,,17.326642990112305,,-0.10307145118713379,,0.7632607221603394,,,
0,40,,17.275829315185547,,-0.10806012153625488,,0.7557313442230225,,,
0,41,,17.43416404724121,,-0.11960798501968384,,0.7521002292633057,,,
0,42,,17.25640296936035,,-0.11954981088638306,,0.7432703375816345,,,
0,43,,17.23043441772461,,-0.10270422697067261,,0.7588174939155579,,,
0,44,,17.238676071166992,,-0.10979479551315308,,0.7521390318870544,,,
0,44,,,,,,,17.205474853515625,-0.11411929130554199,0.7461544275283813
0,44,18.971317291259766,,-0.04683712497353554,,0.9017286896705627,,,,
1,45,,17.071666717529297,,-0.1163841187953949,,0.7371991872787476,,,
1,46,,17.194015502929688,,-0.1210213303565979,,0.7386794686317444,,,
1,47,,17.371341705322266,,-0.12814074754714966,,0.7404263615608215,,,
1,48,,17.165903091430664,,-0.11935988068580627,,0.7389352321624756,,,
1,49,,17.192245483398438,,-0.11323824524879456,,0.7463740110397339,,,
1,50,,17.773611068725586,,-0.11609119176864624,,0.772589385509491,,,
1,51,,17.66883087158203,,-0.14199453592300415,,0.7414470314979553,,,
1,52,,17.15192985534668,,-0.13169461488723755,,0.7259019017219543,,,
1,53,,16.843616485595703,,-0.12161317467689514,,0.7205677032470703,,,
1,54,,16.982086181640625,,-0.11945351958274841,,0.7296508550643921,,,
1,55,,16.826690673828125,,-0.11668914556503296,,0.7246453762054443,,,
1,56,,16.89838981628418,,-0.1255050003528595,,0.719414472579956,,,
1,57,,16.917255401611328,,-0.12089195847511292,,0.724970817565918,,,
1,58,,16.780132293701172,,-0.13279736042022705,,0.7062092423439026,,,
1,59,,16.887401580810547,,-0.12028646469116211,,0.7240836024284363,,,
1,60,,16.73316192626953,,-0.118004709482193,,0.7186534404754639,,,
1,61,,16.555461883544922,,-0.13464373350143433,,0.6931293606758118,,,
1,62,,16.717029571533203,,-0.13033810257911682,,0.7055133581161499,,,
1,63,,16.66584014892578,,-0.12626665830612183,,0.7070253491401672,,,
1,64,,16.493314743041992,,-0.13388380408287048,,0.6907819509506226,,,
1,65,,16.642074584960938,,-0.1352778971195221,,0.6968258619308472,,,
1,66,,16.63150405883789,,-0.12840569019317627,,0.7031695246696472,,,
1,67,,16.614253997802734,,-0.13753563165664673,,0.6931771039962769,,,
1,68,,16.54070281982422,,-0.13861757516860962,,0.6884175539016724,,,
1,69,,16.888879776000977,,-0.13654887676239014,,0.7078951001167297,,,
1,70,,17.290260314941406,,-0.13619458675384521,,0.728318452835083,,,
1,71,,17.370391845703125,,-0.13949882984161377,,0.7290207743644714,,,
1,72,,17.094179153442383,,-0.11995524168014526,,0.7347537279129028,,,
1,73,,16.560983657836914,,-0.14432328939437866,,0.683725893497467,,,
1,74,,16.45285987854004,,-0.14494049549102783,,0.6777024865150452,,,
1,75,,16.477039337158203,,-0.1395116150379181,,0.6843403577804565,,,
1,76,,16.495248794555664,,-0.1370648741722107,,0.6876975893974304,,,
1,77,,16.035491943359375,,-0.14315176010131836,,0.6586228609085083,,,
1,78,,16.39967155456543,,-0.14015653729438782,,0.679827094078064,,,
1,79,,16.400341033935547,,-0.14929062128067017,,0.6707264184951782,,,
1,80,,16.159717559814453,,-0.1410430669784546,,0.666942834854126,,,
1,81,,16.26556968688965,,-0.15269792079925537,,0.660580575466156,,,
1,82,,16.275541305541992,,-0.1374751329421997,,0.6763019561767578,,,
1,83,,16.109424591064453,,-0.13797348737716675,,0.6674977540969849,,,
1,84,,16.1530818939209,,-0.1394767165184021,,0.6681773662567139,,,
1,85,,16.401599884033203,,-0.12489280104637146,,0.6951872110366821,,,
1,86,,16.138456344604492,,-0.11994937062263489,,0.6869734525680542,,,
1,87,,16.1224365234375,,-0.1335057020187378,,0.6726161241531372,,,
1,88,,16.578857421875,,-0.1310058832168579,,0.69793701171875,,,
1,89,,16.420024871826172,,-0.14497247338294983,,0.6760287284851074,,,
1,89,,,,,,,16.24175453186035,-0.14261910319328308,0.6694687008857727
1,89,16.721399307250977,,-0.13154077529907227,,0.7045292854309082,,,,
2,90,,16.252277374267578,,-0.14722943305969238,,0.6653844714164734,,,
2,91,,16.171369552612305,,-0.13663437962532043,,0.6719341278076172,,,
2,92,,16.150056838989258,,-0.13048872351646423,,0.6770141124725342,,,
2,93,,16.41983413696289,,-0.14736539125442505,,0.6736263036727905,,,
2,94,,16.35147476196289,,-0.15223804116249084,,0.6653356552124023,,,
2,95,,16.202011108398438,,-0.13568678498268127,,0.674413800239563,,,
2,96,,16.579044342041016,,-0.13763511180877686,,0.6913171410560608,,,
2,97,,16.42761993408203,,-0.14298301935195923,,0.6783980131149292,,,
2,98,,16.251056671142578,,-0.1507890522480011,,0.6617637872695923,,,
2,99,,16.244365692138672,,-0.12825947999954224,,0.6839588284492493,,,
2,100,,15.885019302368164,,-0.1392497420310974,,0.6550012230873108,,,
2,101,,15.824430465698242,,-0.14297667145729065,,0.6482448577880859,,,
2,102,,15.926580429077148,,-0.1484317183494568,,0.6478973031044006,,,
2,103,,16.003799438476562,,-0.14458408951759338,,0.6556059122085571,,,
2,104,,16.057090759277344,,-0.14077603816986084,,0.6620784997940063,,,
2,105,,16.08385467529297,,-0.13872715830802917,,0.6654655933380127,,,
2,106,,16.09023666381836,,-0.14315375685691833,,0.661358118057251,,,
2,107,,16.177593231201172,,-0.15851211547851562,,0.6503675580024719,,,
2,108,,15.922374725341797,,-0.15537524223327637,,0.6407434940338135,,,
2,109,,15.982671737670898,,-0.14345631003379822,,0.655677318572998,,,
2,110,,15.683971405029297,,-0.1490306854248047,,0.6351678967475891,,,
2,111,,15.981042861938477,,-0.14244455099105835,,0.6566076278686523,,,
2,112,,15.858392715454102,,-0.1468377411365509,,0.6460819244384766,,,
2,113,,15.912273406982422,,-0.12568241357803345,,0.6699312925338745,,,
2,114,,16.01410484313965,,-0.1586586833000183,,0.6420465707778931,,,
2,115,,15.845237731933594,,-0.1569315493106842,,0.635330319404602,,,
2,116,,15.926542282104492,,-0.1497826874256134,,0.6465444564819336,,,
2,117,,15.986635208129883,,-0.15327394008636475,,0.6460578441619873,,,
2,118,,16.098783493041992,,-0.15476572513580322,,0.6501734852790833,,,
2,119,,16.164098739624023,,-0.14212802052497864,,0.6660768985748291,,,
2,120,,16.18478012084961,,-0.1504153609275818,,0.6588236689567566,,,
2,121,,16.204513549804688,,-0.1400502622127533,,0.6701754331588745,,,
2,122,,16.133941650390625,,-0.12560898065567017,,0.6810880899429321,,,
2,123,,16.04796028137207,,-0.15096765756607056,,0.6514303684234619,,,
2,124,,15.604284286499023,,-0.136089026927948,,0.64412522315979,,,
2,125,,15.787551879882812,,-0.1338844895362854,,0.6554931402206421,,,
2,126,,15.723847389221191,,-0.14811596274375916,,0.6380764245986938,,,
2,127,,16.09527587890625,,-0.13874822854995728,,0.6660155653953552,,,
2,128,,15.590181350708008,,-0.15493285655975342,,0.624576210975647,,,
2,129,,15.851378440856934,,-0.1543225646018982,,0.6382463574409485,,,
2,130,,15.697369575500488,,-0.14720946550369263,,0.6376590132713318,,,
2,131,,15.818389892578125,,-0.15812087059020996,,0.6327986121177673,,,
2,132,,15.765460968017578,,-0.14685988426208496,,0.641413152217865,,,
2,133,,15.765853881835938,,-0.14172407984733582,,0.6465686559677124,,,
2,134,,15.412293434143066,,-0.14427131414413452,,0.6263433694839478,,,
2,134,,,,,,,15.744854927062988,-0.14943177998065948,0.6378109455108643
2,134,16.005874633789062,,-0.1447889506816864,,0.6555047631263733,,,,
3,135,,15.49238395690918,,-0.16033297777175903,,0.6142862439155579,,,
3,136,,15.684979438781738,,-0.1416829228401184,,0.6425660848617554,,,
3,137,,15.653975486755371,,-0.1503993272781372,,0.6322994828224182,,,
3,138,,15.638224601745605,,-0.15146079659461975,,0.6304504871368408,,,
3,139,,15.87908935546875,,-0.15048211812973022,,0.6434723734855652,,,
3,140,,16.01746940612793,,-0.16571593284606934,,0.6351575255393982,,,
3,141,,15.916412353515625,,-0.15118193626403809,,0.64463871717453,,,
3,142,,15.865128517150879,,-0.15166828036308289,,0.6415882110595703,,,
3,143,,15.955178260803223,,-0.13854700326919556,,0.6592119336128235,,,
3,144,,15.936483383178711,,-0.15080222487449646,,0.6460219621658325,,,
3,145,,15.830845832824707,,-0.1545713245868683,,0.6369709968566895,,,
3,146,,15.470880508422852,,-0.1579790711402893,,0.6155649423599243,,,
3,147,,15.777810096740723,,-0.14856639504432678,,0.6403241157531738,,,
3,148,,15.78240966796875,,-0.14797016978263855,,0.6411503553390503,,,
3,149,,15.308660507202148,,-0.1505400538444519,,0.6148929595947266,,,
3,150,,15.73952579498291,,-0.1633116900920868,,0.6236646175384521,,,
3,151,,15.762137413024902,,-0.14710628986358643,,0.6410005688667297,,,
3,152,,15.744382858276367,,-0.16469809412956238,,0.6225210428237915,,,
3,153,,15.69830322265625,,-0.14870867133140564,,0.6362065076828003,,,
3,154,,15.574603080749512,,-0.15473520755767822,,0.6239949464797974,,,
3,155,,15.671730041503906,,-0.15226781368255615,,0.6313186883926392,,,
3,156,,15.576930046081543,,-0.15873292088508606,,0.6201136112213135,,,
3,157,,15.585725784301758,,-0.14891701936721802,,0.6303693056106567,,,
3,158,,15.643644332885742,,-0.14364540576934814,,0.638536810874939,,,
3,159,,15.495667457580566,,-0.15925705432891846,,0.6155263185501099,,,
3,160,,15.478984832763672,,-0.15682652592658997,,0.6171227693557739,,,
3,161,,15.457681655883789,,-0.14893215894699097,,0.6239519119262695,,,
3,162,,15.523075103759766,,-0.15508988499641418,,0.6210638284683228,,,
3,163,,15.595285415649414,,-0.1469932198524475,,0.6327710747718811,,,
3,164,,15.333264350891113,,-0.14473915100097656,,0.621924102306366,,,
3,165,,15.607680320739746,,-0.158900648355484,,0.621483325958252,,,
3,166,,15.713568687438965,,-0.14417803287506104,,0.6415004134178162,,,
3,167,,15.426898956298828,,-0.15177446603775024,,0.6195704936981201,,,
3,168,,15.483662605285645,,-0.15293005108833313,,0.6212531328201294,,,
3,169,,15.496307373046875,,-0.14840158820152283,,0.6264138221740723,,,
3,170,,15.70610237121582,,-0.15712988376617432,,0.6281752586364746,,,
3,171,,15.636271476745605,,-0.1472177803516388,,0.6345957517623901,,,
3,172,,15.40388298034668,,-0.1507800817489624,,0.6194140911102295,,,
3,173,,15.643383979797363,,-0.1480332911014557,,0.6341359615325928,,,
3,174,,15.387839317321777,,-0.13678932189941406,,0.6326026320457458,,,
3,175,,15.401663780212402,,-0.16302284598350525,,0.6070603132247925,,,
3,176,,15.678515434265137,,-0.1483892798423767,,0.6355364918708801,,,
3,177,,15.62319564819336,,-0.15390649437904358,,0.6272532939910889,,,
3,178,,15.391654014587402,,-0.1594996154308319,,0.6100831031799316,,,
3,179,,15.380252838134766,,-0.14893674850463867,,0.6200758814811707,,,
3,179,,,,,,,15.479071617126465,-0.15612173080444336,0.6178319454193115
3,179,15.624798774719238,,-0.15191757678985596,,0.6293222904205322,,,,
4,180,,15.384326934814453,,-0.16184699535369873,,0.6073693633079529,,,
4,181,,15.528892517089844,,-0.14213716983795166,,0.6343074440956116,,,
4,182,,15.476432800292969,,-0.15435415506362915,,0.6194674968719482,,,
4,183,,15.448234558105469,,-0.1440882384777069,,0.6283235549926758,,,
4,184,,15.456143379211426,,-0.15510621666908264,,0.6177009344100952,,,
4,185,,15.370769500732422,,-0.16407990455627441,,0.6044585704803467,,,
4,186,,15.436908721923828,,-0.15887466073036194,,0.6129708290100098,,,
4,187,,15.591859817504883,,-0.1376347541809082,,0.6419582366943359,,,
4,188,,15.381763458251953,,-0.15782779455184937,,0.6112604141235352,,,
4,189,,15.486560821533203,,-0.15744051337242126,,0.6168875694274902,,,
4,190,,15.89073657989502,,-0.14426475763320923,,0.6502720713615417,,,
4,191,,15.877665519714355,,-0.16169577836990356,,0.6321874856948853,,,
4,192,,15.938791275024414,,-0.14553400874137878,,0.6514055728912354,,,
4,193,,15.707114219665527,,-0.14752104878425598,,0.6378346681594849,,,
4,194,,15.629979133605957,,-0.15744522213935852,,0.6240537166595459,,,
4,195,,15.44962215423584,,-0.16058987379074097,,0.6118912696838379,,,
4,196,,15.265463829040527,,-0.16110798716545105,,0.6021652221679688,,,
4,197,,15.357782363891602,,-0.15843650698661804,,0.6094526052474976,,,
4,198,,15.351341247558594,,-0.15936976671218872,,0.6081973314285278,,,
4,199,,15.40779972076416,,-0.15522006154060364,,0.615169882774353,,,
4,200,,15.264501571655273,,-0.16029319167137146,,0.6029318571090698,,,
4,201,,15.337474822998047,,-0.13939538598060608,,0.6274783611297607,,,
4,202,,15.331510543823242,,-0.16227468848228455,,0.604300856590271,,,
4,203,,15.480976104736328,,-0.15648356080055237,,0.6175652742385864,,,
4,204,,15.380434036254883,,-0.15793126821517944,,0.6110904216766357,,,
4,205,,15.417048454284668,,-0.14757317304611206,,0.6232792735099792,,,
4,206,,15.228381156921387,,-0.15483853220939636,,0.6065804958343506,,,
4,207,,15.289168357849121,,-0.15091240406036377,,0.6135460138320923,,,
4,208,,15.450628280639648,,-0.1677442193031311,,0.6047872304916382,,,
4,209,,15.146414756774902,,-0.14645320177078247,,0.6108675599098206,,,
4,210,,15.27493667602539,,-0.1620708405971527,,0.6016759872436523,,,
4,211,,15.288135528564453,,-0.16323238611221313,,0.6011744141578674,,,
4,212,,15.433370590209961,,-0.15812164545059204,,0.6135469079017639,,,
4,213,,15.500619888305664,,-0.14886516332626343,,0.6261658668518066,,,
4,214,,15.349078178405762,,-0.158291757106781,,0.6091621518135071,,,
4,215,,15.474973678588867,,-0.15859848260879517,,0.6151502132415771,,,
4,216,,15.429555892944336,,-0.14417734742164612,,0.627300500869751,,,
4,217,,15.386452674865723,,-0.15279093384742737,,0.6165317296981812,,,
4,218,,15.201784133911133,,-0.14541170001029968,,0.6146775484085083,,,
4,219,,15.493914604187012,,-0.1644444465637207,,0.6102513074874878,,,
4,220,,15.387743949890137,,-0.15276217460632324,,0.6166250109672546,,,
4,221,,15.404696464538574,,-0.16653013229370117,,0.6037046909332275,,,
4,222,,15.384848594665527,,-0.15804585814476013,,0.6111966371536255,,,
4,223,,15.504532814025879,,-0.15174263715744019,,0.6234840154647827,,,
4,224,,15.444856643676758,,-0.15955787897109985,,0.612684965133667,,,
4,224,,,,,,,15.330541610717773,-0.15410855412483215,0.6124184727668762
4,224,15.438289642333984,,-0.15493962168693542,,0.6169748306274414,,,,
5,225,,15.37679386138916,,-0.16076377034187317,,0.6080759763717651,,,
5,226,,15.199989318847656,,-0.1576627790927887,,0.6023366451263428,,,
5,227,,15.320322036743164,,-0.15063107013702393,,0.6153850555419922,,,
5,228,,15.469722747802734,,-0.15822172164916992,,0.6152644157409668,,,
5,229,,15.366096496582031,,-0.1578492522239685,,0.6104555726051331,,,
5,230,,15.416991233825684,,-0.16805005073547363,,0.6027995347976685,,,
5,231,,15.72103500366211,,-0.15205785632133484,,0.6339938640594482,,,
5,232,,15.562121391296387,,-0.15787160396575928,,0.620234489440918,,,
5,233,,15.711479187011719,,-0.1523473560810089,,0.6332266330718994,,,
5,234,,15.274948120117188,,-0.15145766735076904,,0.6122897267341614,,,
5,235,,15.381875038146973,,-0.16014543175697327,,0.6089483499526978,,,
5,236,,15.17668628692627,,-0.16907808184623718,,0.5897562503814697,,,
5,237,,15.40488052368164,,-0.1481020152568817,,0.6221420764923096,,,
5,238,,15.240445137023926,,-0.14701884984970093,,0.6150034070014954,,,
5,239,,15.264923095703125,,-0.15219616889953613,,0.611050009727478,,,
5,240,,15.407371520996094,,-0.14534932374954224,,0.6250192523002625,,,
5,241,,15.464422225952148,,-0.16218304634094238,,0.611038088798523,,,
5,242,,15.22927474975586,,-0.15567630529403687,,0.605787456035614,,,
5,243,,15.273260116577148,,-0.15126752853393555,,0.6123954653739929,,,
5,244,,15.442255020141602,,-0.14380913972854614,,0.6283036470413208,,,
5,245,,15.270804405212402,,-0.15412378311157227,,0.6094164252281189,,,
5,246,,15.287431716918945,,-0.16887891292572021,,0.5954926609992981,,,
5,247,,15.37511920928955,,-0.15849781036376953,,0.610258162021637,,,
5,248,,15.161835670471191,,-0.1549282968044281,,0.603163480758667,,,
5,249,,15.117047309875488,,-0.1392408311367035,,0.6166115999221802,,,
5,250,,15.27067756652832,,-0.14800792932510376,,0.6155259609222412,,,
5,251,,15.342606544494629,,-0.16242986917495728,,0.6047004461288452,,,
5,252,,15.231035232543945,,-0.156546950340271,,0.6050048470497131,,,
5,253,,15.255027770996094,,-0.15893954038619995,,0.6038118600845337,,,
5,254,,15.386250495910645,,-0.15784752368927002,,0.6114650368690491,,,
5,255,,15.060080528259277,,-0.1606331169605255,,0.592370867729187,,,
5,256,,15.174192428588867,,-0.1565643846988678,,0.6021451950073242,,,
5,257,,15.190170288085938,,-0.15237540006637573,,0.607133150100708,,,
5,258,,15.443490982055664,,-0.16012787818908691,,0.6120466589927673,,,
5,259,,15.34399127960205,,-0.14928439259529114,,0.617915153503418,,,
5,260,,15.293396949768066,,-0.1603344976902008,,0.6043353080749512,,,
5,261,,15.212404251098633,,-0.15747526288032532,,0.6031450033187866,,,
5,262,,15.447832107543945,,-0.1546626091003418,,0.6177290081977844,,,
5,263,,15.138724327087402,,-0.15817826986312866,,0.5987579822540283,,,
5,264,,15.219236373901367,,-0.1601628065109253,,0.600799024105072,,,
5,265,,15.027944564819336,,-0.15438497066497803,,0.5970122814178467,,,
5,266,,15.04172134399414,,-0.15060698986053467,,0.6014791131019592,,,
5,267,,15.203354835510254,,-0.15717750787734985,,0.6029902696609497,,,
5,268,,15.246185302734375,,-0.1510482132434845,,0.6112610101699829,,,
5,269,,15.395027160644531,,-0.15321215987205505,,0.6165392398834229,,,
5,269,,,,,,,15.21076774597168,-0.15652208030223846,0.6040163636207581
5,269,15.307214736938477,,-0.1555071920156479,,0.6098535656929016,,,,
6,270,,15.136697769165039,,-0.14167946577072144,,0.6151554584503174,,,
6,271,,15.139983177185059,,-0.15648052096366882,,0.6005187034606934,,,
6,272,,15.201590538024902,,-0.14646148681640625,,0.6136180758476257,,,
6,273,,15.221938133239746,,-0.16226625442504883,,0.5988306403160095,,,
6,274,,15.206326484680176,,-0.15376979112625122,,0.6065465211868286,,,
6,275,,15.05070686340332,,-0.1627206802368164,,0.5898146629333496,,,
6,276,,15.25270938873291,,-0.16034236550331116,,0.6022931337356567,,,
6,277,,15.179299354553223,,-0.171229749917984,,0.5877351760864258,,,
6,278,,15.166435241699219,,-0.1668168306350708,,0.5915049314498901,,,
6,279,,15.154483795166016,,-0.15431064367294312,,0.6034135818481445,,,
6,280,,15.170287132263184,,-0.15505850315093994,,0.6034558415412903,,,
6,281,,15.028879165649414,,-0.16120266914367676,,0.5902413129806519,,,
6,282,,15.203956604003906,,-0.1621476113796234,,0.5980502367019653,,,
6,283,,15.230228424072266,,-0.16387999057769775,,0.5976314544677734,,,
6,284,,15.270601272583008,,-0.15107512474060059,,0.6124549508094788,,,
6,285,,15.3395357131958,,-0.1339346170425415,,0.6330421566963196,,,
6,286,,15.176647186279297,,-0.1420193314552307,,0.616813063621521,,,
6,287,,15.233943939208984,,-0.16057324409484863,,0.6011239886283875,,,
6,288,,15.172662734985352,,-0.15767616033554077,,0.6009569764137268,,,
6,289,,15.150952339172363,,-0.17276853322982788,,0.5847790837287903,,,
6,290,,15.215141296386719,,-0.14139720797538757,,0.6193598508834839,,,
6,291,,15.3335599899292,,-0.15795522928237915,,0.6087228059768677,,,
6,292,,15.126609802246094,,-0.15993648767471313,,0.5963940024375916,,,
6,293,,15.256887435913086,,-0.15809416770935059,,0.6047502160072327,,,
6,294,,15.183995246887207,,-0.16578355431556702,,0.5934162139892578,,,
6,295,,15.109457015991211,,-0.1432361602783203,,0.6122366786003113,,,
6,296,,15.265092849731445,,-0.1655830442905426,,0.597671627998352,,,
6,297,,15.24608039855957,,-0.16163834929466248,,0.6006656885147095,,,
6,298,,15.121374130249023,,-0.16176167130470276,,0.5943070650100708,,,
6,299,,15.393122673034668,,-0.15504193305969238,,0.6146141886711121,,,
6,300,,15.07595157623291,,-0.16798657178878784,,0.5858110189437866,,,
6,301,,14.965641975402832,,-0.14901381731033325,,0.5992683172225952,,,
6,302,,15.094026565551758,,-0.16700005531311035,,0.5877012610435486,,,
6,303,,15.148860931396484,,-0.16237181425094604,,0.5950712561607361,,,
6,304,,15.028635025024414,,-0.1621236801147461,,0.5893080830574036,,,
6,305,,15.03229808807373,,-0.1607096791267395,,0.5909052491188049,,,
6,306,,15.174446105957031,,-0.16768687963485718,,0.5910354256629944,,,
6,307,,15.203165054321289,,-0.16617971658706665,,0.5939785242080688,,,
6,308,,15.084772109985352,,-0.16072523593902588,,0.5935133695602417,,,
6,309,,15.141364097595215,,-0.1475154161453247,,0.609552800655365,,,
6,310,,15.0414457321167,,-0.16148146986961365,,0.5905908346176147,,,
6,311,,14.99264144897461,,-0.147208571434021,,0.6024234890937805,,,
6,312,,15.12966537475586,,-0.163589209318161,,0.5928940773010254,,,
6,313,,15.048922538757324,,-0.1474190056324005,,0.6050270795822144,,,
6,314,,15.078929901123047,,-0.15392407774925232,,0.6000224351882935,,,
6,314,,,,,,,15.133395195007324,-0.1572408378124237,0.5994289517402649
6,314,15.159879684448242,,-0.15760985016822815,,0.6003841757774353,,,,
7,315,,15.094156265258789,,-0.15982308983802795,,0.5948847532272339,,,
7,316,,15.15068244934082,,-0.16066759824752808,,0.5968665480613708,,,
7,317,,15.216531753540039,,-0.16521015763282776,,0.5956164598464966,,,
7,318,,15.243282318115234,,-0.16324517130851746,,0.5989189147949219,,,
7,319,,15.27716064453125,,-0.15767106413841248,,0.6061869859695435,,,
7,320,,15.256985664367676,,-0.1604885756969452,,0.602360725402832,,,
7,321,,15.23451042175293,,-0.15884986519813538,,0.6028757095336914,,,
7,322,,15.107484817504883,,-0.16245967149734497,,0.5929145812988281,,,
7,323,,15.072874069213867,,-0.14511370658874512,,0.6085299849510193,,,
7,324,,15.011636734008789,,-0.14417943358421326,,0.6064023971557617,,,
7,325,,15.194581031799316,,-0.16015085577964783,,0.5995782613754272,,,
7,326,,15.05385684967041,,-0.15775808691978455,,0.5949348211288452,,,
7,327,,15.083623886108398,,-0.1497860848903656,,0.6043951511383057,,,
7,328,,15.099506378173828,,-0.1530596911907196,,0.6019155979156494,,,
7,329,,15.037124633789062,,-0.1669745147228241,,0.5848817825317383,,,
7,330,,15.062910079956055,,-0.16071942448616028,,0.592426061630249,,,
7,331,,15.120489120483398,,-0.1639178991317749,,0.5921065807342529,,,
7,332,,14.986584663391113,,-0.16666731238365173,,0.5826619863510132,,,
7,333,,15.16808795928955,,-0.1647288203239441,,0.5936756134033203,,,
7,334,,15.123716354370117,,-0.1565370261669159,,0.5996488332748413,,,
7,335,,15.051153182983398,,-0.15880542993545532,,0.5937522649765015,,,
7,336,,15.144121170043945,,-0.1618095338344574,,0.5953965187072754,,,
7,337,,15.094377517700195,,-0.16287565231323242,,0.5918432474136353,,,
7,338,,14.984756469726562,,-0.16412314772605896,,0.5851147174835205,,,
7,339,,15.112971305847168,,-0.1559622585773468,,0.5996862649917603,,,
7,340,,15.162955284118652,,-0.17869868874549866,,0.5794490575790405,,,
7,341,,15.14126205444336,,-0.1639707386493683,,0.5930923223495483,,,
7,342,,14.937089920043945,,-0.15695133805274963,,0.5899031162261963,,,
7,343,,14.96519947052002,,-0.16658711433410645,,0.5816728472709656,,,
7,344,,15.04365348815918,,-0.1556270718574524,,0.5965555906295776,,,
7,345,,15.103973388671875,,-0.16455835103988647,,0.5906403064727783,,,
7,346,,15.032037734985352,,-0.17025357484817505,,0.5813482999801636,,,
7,347,,15.08100700378418,,-0.1633557379245758,,0.5906946659088135,,,
7,348,,14.883783340454102,,-0.15910115838050842,,0.5850880146026611,,,
7,349,,15.0857515335083,,-0.16716524958610535,,0.5871223211288452,,,
7,350,,15.0431547164917,,-0.16560205817222595,,0.5865557193756104,,,
7,351,,15.099105834960938,,-0.1612614393234253,,0.5936938524246216,,,
7,352,,15.040575981140137,,-0.16666880249977112,,0.585360050201416,,,
7,353,,14.926265716552734,,-0.16696587204933167,,0.5793473720550537,,,
7,354,,15.092026710510254,,-0.14810216426849365,,0.606499195098877,,,
7,355,,15.082176208496094,,-0.1488887071609497,,0.6052201390266418,,,
7,356,,15.14214038848877,,-0.15784019231796265,,0.5992668271064758,,,
7,357,,14.883545875549316,,-0.1656409204006195,,0.5785363912582397,,,
7,358,,15.001265525817871,,-0.15590831637382507,,0.594154953956604,,,
7,359,,15.15245246887207,,-0.16207841038703918,,0.5955442190170288,,,
7,359,,,,,,,15.03836727142334,-0.16151279211044312,0.5904055833816528
7,359,15.086014747619629,,-0.160589799284935,,0.5937108993530273,,,,
8,360,,15.035520553588867,,-0.1571735143661499,,0.5946025252342224,,,
8,361,,14.853948593139648,,-0.16048339009284973,,0.5822139978408813,,,
8,362,,14.890140533447266,,-0.15331095457077026,,0.5911960601806641,,,
8,363,,15.018424987792969,,-0.15829390287399292,,0.5926273465156555,,,
8,364,,15.120002746582031,,-0.15726593136787415,,0.5987342596054077,,,
8,365,,15.062471389770508,,-0.16029340028762817,,0.5928301811218262,,,
8,366,,14.983808517456055,,-0.14976251125335693,,0.5994279384613037,,,
8,367,,15.075910568237305,,-0.17448142170906067,,0.579314112663269,,,
8,368,,14.842300415039062,,-0.1495579481124878,,0.5925570726394653,,,
8,369,,15.061060905456543,,-0.16667810082435608,,0.5863749980926514,,,
8,370,,14.96719741821289,,-0.16305577754974365,,0.5853040814399719,,,
8,371,,15.118682861328125,,-0.1633647084236145,,0.5925694704055786,,,
8,372,,14.914268493652344,,-0.1547759473323822,,0.5909374952316284,,,
8,373,,14.92586898803711,,-0.15544965863227844,,0.5908437967300415,,,
8,374,,14.913829803466797,,-0.16115403175354004,,0.5845374464988708,,,
8,375,,14.933564186096191,,-0.14494645595550537,,0.6017317771911621,,,
8,376,,15.042747497558594,,-0.15605652332305908,,0.5960808396339417,,,
8,377,,15.08824634552002,,-0.1649850308895111,,0.5894273519515991,,,
8,378,,15.066978454589844,,-0.16325995326042175,,0.590088963508606,,,
8,379,,15.162212371826172,,-0.16544446349143982,,0.5926661491394043,,,
8,380,,15.023401260375977,,-0.14817535877227783,,0.6029947400093079,,,
8,381,,14.942602157592773,,-0.16037869453430176,,0.586751401424408,,,
8,382,,15.01939582824707,,-0.1467040777206421,,0.6042657494544983,,,
8,383,,14.90577507019043,,-0.15945449471473694,,0.585834264755249,,,
8,384,,14.967151641845703,,-0.15799516439437866,,0.5903624296188354,,,
8,385,,15.026325225830078,,-0.16472256183624268,,0.5865936875343323,,,
8,386,,14.796990394592285,,-0.158838152885437,,0.5810113549232483,,,
8,387,,15.023636817932129,,-0.15439999103546143,,0.596781849861145,,,
8,388,,15.102160453796387,,-0.15763121843338013,,0.5974768400192261,,,
8,389,,14.83818244934082,,-0.15469777584075928,,0.5872113704681396,,,
8,390,,15.10211181640625,,-0.1618008017539978,,0.5933048129081726,,,
8,391,,15.022100448608398,,-0.16441085934638977,,0.5866941213607788,,,
8,392,,15.132473945617676,,-0.1509515941143036,,0.6056721210479736,,,
8,393,,15.008323669433594,,-0.15985360741615295,,0.5905625820159912,,,
8,394,,14.942498207092285,,-0.16267180442810059,,0.5844531059265137,,,
8,395,,14.997920989990234,,-0.15770137310028076,,0.592194676399231,,,
8,396,,15.039552688598633,,-0.1654430329799652,,0.5865346193313599,,,
8,397,,14.862104415893555,,-0.16392776370048523,,0.5791774988174438,,,
8,398,,14.947744369506836,,-0.15774258971214294,,0.5896446704864502,,,
8,399,,15.080778121948242,,-0.15451282262802124,,0.5995261073112488,,,
8,400,,14.982629776000977,,-0.15375328063964844,,0.5953782200813293,,,
8,401,,14.840473175048828,,-0.16096308827400208,,0.581060528755188,,,
8,402,,14.909957885742188,,-0.16908273100852966,,0.5764151811599731,,,
8,403,,14.90170669555664,,-0.1714792251586914,,0.5736061334609985,,,
8,404,,14.896612167358398,,-0.14985895156860352,,0.5949716567993164,,,
8,404,,,,,,,14.950194358825684,-0.1582309454679489,0.5892788767814636
8,404,14.986804962158203,,-0.15885715186595917,,0.5904831290245056,,,,
9,405,,14.972522735595703,,-0.159773588180542,,0.58885258436203,,,
9,406,,14.949533462524414,,-0.14917781949043274,,0.5982989072799683,,,
9,407,,14.931039810180664,,-0.15409278869628906,,0.5924592018127441,,,
9,408,,15.170150756835938,,-0.15691331028938293,,0.6015942096710205,,,
9,409,,14.829390525817871,,-0.16494229435920715,,0.5765272378921509,,,
9,410,,14.858697891235352,,-0.15431693196296692,,0.5886179208755493,,,
9,411,,14.747903823852539,,-0.167011559009552,,0.5703836679458618,,,
9,412,,14.921466827392578,,-0.16211682558059692,,0.5839565396308899,,,
9,413,,14.9578218460083,,-0.15908929705619812,,0.5888018608093262,,,
9,414,,14.892212867736816,,-0.1536465883255005,,0.5909640789031982,,,
9,415,,14.908637046813965,,-0.15693840384483337,,0.5884934663772583,,,
9,416,,14.867707252502441,,-0.15856844186782837,,0.5848169326782227,,,
9,417,,14.902722358703613,,-0.16580700874328613,,0.5793291330337524,,,
9,418,,15.018856048583984,,-0.17460322380065918,,0.576339602470398,,,
9,419,,15.074125289916992,,-0.17182323336601257,,0.5818830728530884,,,
9,420,,15.203096389770508,,-0.1626608967781067,,0.5974939465522766,,,
9,421,,15.240854263305664,,-0.15912196040153503,,0.6029207706451416,,,
9,422,,15.030966758728027,,-0.1534472405910492,,0.5981011390686035,,,
9,423,,14.996418952941895,,-0.16453438997268677,,0.585286557674408,,,
9,424,,15.010956764221191,,-0.16182830929756165,,0.5887194871902466,,,
9,425,,14.835800170898438,,-0.16682130098342896,,0.574968695640564,,,
9,426,,14.90760612487793,,-0.16938036680221558,,0.5759999752044678,,,
9,427,,15.022950172424316,,-0.16415837407112122,,0.586989164352417,,,
9,428,,15.010720252990723,,-0.1542641818523407,,0.5962718725204468,,,
9,429,,14.964921951293945,,-0.1570177674293518,,0.5912283658981323,,,
9,430,,14.946670532226562,,-0.16717198491096497,,0.5801615715026855,,,
9,431,,15.085769653320312,,-0.1620526909828186,,0.592235803604126,,,
9,432,,14.931533813476562,,-0.14982011914253235,,0.5967565774917603,,,
9,433,,14.81137466430664,,-0.16215911507606506,,0.5784096717834473,,,
9,434,,14.929930686950684,,-0.16563576459884644,,0.5808607935905457,,,
9,435,,14.983854293823242,,-0.15958631038665771,,0.5896064043045044,,,
9,436,,14.909624099731445,,-0.157547265291214,,0.5879338979721069,,,
9,437,,14.891862869262695,,-0.15779823064804077,,0.586794912815094,,,
9,438,,14.922064781188965,,-0.15877392888069153,,0.5873292684555054,,,
9,439,,14.891797065734863,,-0.1673344373703003,,0.5772554278373718,,,
9,440,,14.949953079223633,,-0.15496402978897095,,0.5925336480140686,,,
9,441,,14.92222785949707,,-0.1617918610572815,,0.584319531917572,,,
9,442,,14.855936050415039,,-0.160808265209198,,0.5819885730743408,,,
9,443,,15.034137725830078,,-0.16583770513534546,,0.5858691930770874,,,
9,444,,14.731217384338379,,-0.15517985820770264,,0.5813810229301453,,,
9,445,,14.938163757324219,,-0.16280388832092285,,0.5841042995452881,,,
9,446,,14.767111778259277,,-0.15698519349098206,,0.5813703536987305,,,
9,447,,14.911348342895508,,-0.1706567108631134,,0.5749107599258423,,,
9,448,,14.940485954284668,,-0.15017801523208618,,0.5968462824821472,,,
9,449,,14.76236343383789,,-0.1611655056476593,,0.5769526958465576,,,
9,449,,,,,,,14.862090110778809,-0.15801741182804108,0.5850870609283447
9,449,14.941710472106934,,-0.16067151725292206,,0.5864140391349792,,,,
10,450,,14.78424072265625,,-0.1595040261745453,,0.5797079801559448,,,
10,451,,14.74255084991455,,-0.16281211376190186,,0.5743154287338257,,,
10,452,,14.840394020080566,,-0.16028565168380737,,0.5817340612411499,,,
10,453,,14.919492721557617,,-0.16692456603050232,,0.5790500640869141,,,
10,454,,14.878290176391602,,-0.16516610980033875,,0.5787484645843506,,,
10,455,,14.854369163513184,,-0.15519866347312927,,0.5875197649002075,,,
10,456,,14.888124465942383,,-0.1594979166984558,,0.5849083065986633,,,
10,457,,14.906975746154785,,-0.16092449426651,,0.5844243168830872,,,
10,458,,15.020244598388672,,-0.17085731029510498,,0.5801549553871155,,,
10,459,,14.779787063598633,,-0.16908866167068481,,0.5699006915092468,,,
10,460,,14.875101089477539,,-0.14859193563461304,,0.595163106918335,,,
10,461,,14.926176071166992,,-0.1611798107624054,,0.5851290225982666,,,
10,462,,14.894824028015137,,-0.16293734312057495,,0.5818038582801819,,,
10,463,,14.789910316467285,,-0.1735037863254547,,0.5659917593002319,,,
10,464,,14.913100242614746,,-0.17682597041130066,,0.5688290596008301,,,
10,465,,14.934328079223633,,-0.17109262943267822,,0.5756238102912903,,,
10,466,,14.806039810180664,,-0.15351638197898865,,0.5867856740951538,,,
10,467,,14.867703437805176,,-0.15433037281036377,,0.5890548229217529,,,
10,468,,14.870380401611328,,-0.16093456745147705,,0.5825844407081604,,,
10,469,,14.862366676330566,,-0.16551783680915833,,0.5776004791259766,,,
10,470,,14.69356632232666,,-0.14836984872817993,,0.586308479309082,,,
10,471,,14.8587007522583,,-0.15433475375175476,,0.5886002779006958,,,
10,472,,14.872827529907227,,-0.15709450840950012,,0.5865468978881836,,,
10,473,,14.646881103515625,,-0.15707877278327942,,0.5752652883529663,,,
10,474,,14.893115997314453,,-0.16633573174476624,,0.5783200263977051,,,
10,475,,14.75686264038086,,-0.15376129746437073,,0.5840818881988525,,,
10,476,,14.689371109008789,,-0.17014700174331665,,0.5643215775489807,,,
10,477,,14.863981246948242,,-0.15132924914360046,,0.5918698310852051,,,
10,478,,14.741473197937012,,-0.1596502959728241,,0.5774233341217041,,,
10,479,,14.730096817016602,,-0.17132243514060974,,0.5651824474334717,,,
10,480,,14.83344841003418,,-0.16492938995361328,,0.5767430663108826,,,
10,481,,14.8528413772583,,-0.16209334135055542,,0.5805487632751465,,,
10,482,,14.812822341918945,,-0.16999351978302002,,0.5706475973129272,,,
10,483,,14.857422828674316,,-0.15645402669906616,,0.5864171385765076,,,
10,484,,14.693115234375,,-0.15976384282112122,,0.5748919248580933,,,
